Import Charges,,,,,,,,,,,,,,,,,,,,,,,,,,,,,,,
Country,1995,1996,1997,1998,1999,2000,2001,2002,2003,2004,2005,2006,2007,2008,2009,2010,2011,2012,2013,2014,2015,2016,2017,2018,2019,2020,2021,2022,2023,2024,
Afghanistan,0.00,0.00,0.00,0.00,0.00,0.00,0.00,0.00,0.01,0.00,0.00,0.00,0.00,0.00,0.01,0.00,0.00,0.00,0.00,0.00,0.00,0.00,0.00,0.00,0.00,0.00,0.00,0.00,0.00,0.00,
Albania,0.00,0.00,0.00,0.00,0.00,0.00,0.00,0.00,0.00,0.00,0.00,0.00,0.00,0.00,0.00,0.00,0.00,0.00,0.00,0.00,0.00,0.00,0.00,0.00,0.00,0.00,0.00,0.01,0.00,0.00,
Algeria,0.14,0.17,0.21,0.17,0.12,0.15,0.21,0.20,0.37,0.52,0.48,0.60,0.62,0.68,0.43,0.43,0.30,0.21,0.13,0.17,0.17,0.19,0.18,0.16,0.11,0.02,0.08,0.11,0.11,0.08,
Andorra,0.00,0.00,0.00,0.00,0.00,0.00,0.00,0.00,0.00,0.00,0.00,0.00,0.00,0.00,0.00,0.00,0.00,0.00,0.00,0.00,0.00,0.00,0.00,0.00,0.00,0.00,0.00,0.00,0.00,0.00,
Angola,0.15,0.17,0.18,0.20,0.15,0.20,0.18,0.16,0.24,0.28,0.36,0.46,0.42,0.59,0.36,0.33,0.24,0.21,0.18,0.12,0.11,0.12,0.08,0.07,0.03,0.03,0.03,0.03,0.03,0.04,
Anguilla,0.00,0.00,0.00,0.00,0.00,0.00,0.00,0.00,0.00,0.00,0.00,0.00,0.00,0.00,0.00,0.00,0.00,0.00,0.00,0.00,0.00,0.00,0.00,0.00,0.00,0.00,0.00,0.00,0.00,0.00,
Antigua and Barbuda,0.00,0.00,0.00,0.00,0.00,0.00,0.00,0.00,0.00,0.00,0.00,0.00,0.00,0.00,0.00,0.00,0.00,0.00,0.00,0.00,0.00,0.00,0.00,0.00,0.00,0.00,0.00,0.00,0.00,0.00,
Argentina,0.12,0.17,0.17,0.19,0.19,0.21,0.24,0.25,0.27,0.32,0.37,0.31,0.33,0.36,0.24,0.21,0.23,0.23,0.23,0.21,0.24,0.26,0.22,0.20,0.20,0.22,0.28,0.36,0.29,0.32,
Armenia,0.00,0.00,0.00,0.00,0.00,0.00,0.00,0.00,0.00,0.00,0.00,0.00,0.00,0.00,0.00,0.00,0.00,0.00,0.01,0.00,0.00,0.00,0.00,0.00,0.00,0.00,0.00,0.00,0.01,0.01,
Aruba,0.03,0.03,0.04,0.03,0.03,0.06,0.05,0.03,0.05,0.09,0.11,0.08,0.07,0.08,0.03,0.00,0.06,0.01,0.00,0.00,0.00,0.00,0.00,0.00,0.00,0.00,0.00,0.00,0.00,0.00,
Australia,0.25,0.27,0.31,0.34,0.32,0.36,0.33,0.35,0.33,0.37,0.34,0.36,0.35,0.38,0.27,0.29,0.32,0.32,0.30,0.32,0.33,0.28,0.25,0.25,0.26,0.25,0.31,0.42,0.43,0.38,
Austria,0.08,0.08,0.09,0.09,0.10,0.12,0.12,0.12,0.14,0.18,0.21,0.23,0.22,0.21,0.13,0.17,0.23,0.24,0.23,0.25,0.26,0.26,0.28,0.33,0.32,0.30,0.44,0.61,0.47,0.39,
Azerbaijan,0.00,0.00,0.00,0.00,0.00,0.00,0.00,0.00,0.00,0.01,0.00,0.03,0.06,0.13,0.05,0.05,0.05,0.02,0.03,0.02,0.02,0.01,0.00,0.01,0.00,0.00,0.01,0.01,0.00,0.00,
Bahamas,0.01,0.01,0.01,0.01,0.01,0.02,0.02,0.02,0.02,0.03,0.03,0.02,0.02,0.02,0.03,0.03,0.02,0.02,0.02,0.02,0.02,0.01,0.01,0.02,0.01,0.01,0.02,0.05,0.05,0.05,
Bahrain,0.01,0.01,0.01,0.01,0.02,0.02,0.03,0.02,0.02,0.03,0.02,0.02,0.03,0.03,0.04,0.03,0.03,0.03,0.03,0.04,0.05,0.04,0.04,0.03,0.05,0.03,0.09,0.13,0.05,0.07,
Bangladesh,0.09,0.08,0.10,0.10,0.14,0.18,0.15,0.15,0.14,0.16,0.19,0.23,0.20,0.23,0.19,0.25,0.21,0.19,0.23,0.20,0.23,0.21,0.20,0.23,0.23,0.23,0.49,0.66,0.39,0.41,
Barbados,0.00,0.00,0.00,0.00,0.00,0.00,0.00,0.00,0.00,0.00,0.00,0.00,0.00,0.00,0.00,0.00,0.00,0.00,0.00,0.00,0.00,0.00,0.00,0.00,0.00,0.00,0.00,0.00,0.00,0.00,
Belarus,0.00,0.00,0.00,0.01,0.01,0.01,0.01,0.01,0.02,0.04,0.04,0.05,0.07,0.05,0.02,0.01,0.01,0.01,0.01,0.01,0.01,0.01,0.02,0.02,0.02,0.02,0.03,0.02,0.00,0.00,
Belgium,0.18,0.19,0.21,0.22,0.22,0.25,0.25,0.23,0.26,0.36,0.38,0.38,0.39,0.40,0.25,0.31,0.38,0.37,0.38,0.50,0.53,0.44,0.44,0.69,0.54,0.49,0.57,0.69,0.48,0.42,
Belize,0.00,0.00,0.01,0.00,0.00,0.00,0.01,0.01,0.00,0.01,0.01,0.01,0.01,0.01,0.01,0.01,0.01,0.01,0.01,0.01,0.01,0.00,0.00,0.00,0.00,0.00,0.00,0.00,0.00,0.01,
Benin,0.00,0.00,0.00,0.00,0.00,0.00,0.00,0.00,0.00,0.00,0.00,0.00,0.00,0.00,0.00,0.00,0.00,0.00,0.00,0.00,0.00,0.00,0.00,0.00,0.00,0.00,0.00,0.00,0.00,0.00,
Bermuda,0.00,0.00,0.00,0.00,0.00,0.00,0.00,0.00,0.00,0.00,0.00,0.00,0.00,0.00,0.00,0.00,0.00,0.00,0.00,0.00,0.00,0.00,0.00,0.00,0.00,0.00,0.00,0.00,0.00,0.00,
Bhutan,0.00,0.00,0.00,0.00,0.00,0.00,0.00,0.00,0.00,0.00,0.00,0.00,0.00,0.00,0.00,0.00,0.00,0.00,0.00,0.00,0.00,0.00,0.00,0.00,0.00,0.00,0.00,0.00,0.00,0.00,
Bolivia,0.01,0.01,0.01,0.01,0.01,0.01,0.01,0.01,0.01,0.01,0.01,0.02,0.01,0.02,0.02,0.01,0.01,0.01,0.01,0.01,0.01,0.01,0.01,0.01,0.01,0.01,0.01,0.02,0.01,0.01,
Bosnia and Herzegovina,0.00,0.00,0.00,0.00,0.00,0.00,0.00,0.00,0.00,0.00,0.00,0.00,0.00,0.00,0.00,0.00,0.00,0.00,0.00,0.00,0.00,0.00,0.00,0.00,0.00,0.00,0.01,0.01,0.01,0.01,
Botswana,0.00,0.00,0.00,0.00,0.00,0.00,0.00,0.00,0.00,0.00,0.00,0.00,0.00,0.00,0.00,0.00,0.00,0.00,0.00,0.01,0.01,0.01,0.01,0.01,0.01,0.00,0.01,0.01,0.01,0.01,
Brazil,0.61,0.53,0.52,0.52,0.58,0.76,0.80,0.91,1.08,1.58,1.78,1.64,1.56,1.61,0.94,1.05,1.10,1.13,1.03,1.07,1.05,1.00,1.10,1.18,1.23,1.11,1.56,2.35,1.87,1.87,
British Indian Ocean Territory,0.00,0.00,0.00,0.00,0.00,0.00,0.00,0.00,0.00,0.00,0.00,0.00,0.00,0.00,0.00,0.00,0.00,0.00,0.00,0.00,0.00,0.00,0.00,0.00,0.00,0.00,0.00,0.00,0.00,0.00,
British Virgin Islands,0.00,0.00,0.00,0.00,0.00,0.00,0.00,0.00,0.00,0.00,0.00,0.00,0.00,0.00,0.00,0.00,0.00,0.00,0.00,0.00,0.00,0.00,0.00,0.00,0.00,0.00,0.00,0.00,0.00,0.00,
Brunei,0.00,0.00,0.00,0.01,0.03,0.02,0.03,0.02,0.02,0.02,0.03,0.02,0.02,0.00,0.00,0.00,0.00,0.00,0.00,0.00,0.00,0.00,0.00,0.00,0.00,0.01,0.00,0.00,0.03,0.01,
Bulgaria,0.02,0.01,0.01,0.01,0.01,0.02,0.03,0.03,0.04,0.04,0.04,0.04,0.03,0.03,0.01,0.01,0.02,0.02,0.02,0.03,0.03,0.03,0.03,0.03,0.03,0.04,0.05,0.07,0.05,0.06,
Burkina Faso,0.00,0.00,0.00,0.00,0.00,0.00,0.00,0.00,0.00,0.00,0.00,0.00,0.00,0.00,0.00,0.00,0.00,0.00,0.00,0.00,0.00,0.00,0.00,0.00,0.00,0.00,0.00,0.00,0.00,0.00,
Burundi,0.00,0.00,0.00,0.00,0.00,0.00,0.00,0.00,0.00,0.00,0.00,0.00,0.00,0.00,0.00,0.00,0.00,0.00,0.00,0.00,0.00,0.00,0.00,0.00,0.00,0.00,0.00,0.00,0.00,0.00,
Cabo Verde,0.00,0.00,0.00,0.00,0.00,0.00,0.00,0.00,0.00,0.00,0.00,0.00,0.00,0.00,0.00,0.00,0.00,0.00,0.00,0.00,0.00,0.00,0.00,0.00,0.00,0.00,0.00,0.00,0.00,0.00,
Cambodia,0.00,0.00,0.01,0.02,0.04,0.05,0.05,0.07,0.07,0.09,0.11,0.14,0.14,0.13,0.08,0.10,0.09,0.11,0.10,0.10,0.12,0.10,0.11,0.15,0.21,0.30,0.62,0.86,0.55,0.70,
Cameroon,0.01,0.01,0.01,0.01,0.01,0.01,0.01,0.01,0.01,0.03,0.01,0.02,0.02,0.03,0.02,0.01,0.01,0.01,0.01,0.01,0.01,0.01,0.01,0.01,0.01,0.02,0.01,0.01,0.01,0.01,
Canada,3.19,3.24,3.39,3.20,3.28,3.49,3.17,3.36,3.49,3.88,4.07,4.41,4.49,4.16,3.46,3.90,4.19,4.48,6.12,7.43,6.94,6.46,7.14,7.37,7.38,6.97,8.64,10.57,9.76,9.40,
Cayman Islands,0.00,0.00,0.00,0.00,0.00,0.00,0.00,0.00,0.00,0.00,0.00,0.00,0.00,0.00,0.00,0.00,0.00,0.00,0.00,0.00,0.00,0.00,0.00,0.00,0.00,0.00,0.00,0.00,0.00,0.00,
Central African Republic,0.00,0.00,0.00,0.00,0.00,0.00,0.00,0.00,0.00,0.00,0.00,0.00,0.00,0.00,0.00,0.00,0.00,0.00,0.00,0.00,0.00,0.00,0.00,0.00,0.00,0.00,0.00,0.00,0.00,0.00,
Chad,0.00,0.00,0.00,0.00,0.00,0.00,0.00,0.00,0.00,0.07,0.09,0.10,0.09,0.14,0.08,0.07,0.07,0.05,0.05,0.05,0.06,0.06,0.02,0.02,0.00,0.00,0.00,0.00,0.00,0.00,
Chile,0.27,0.32,0.33,0.36,0.35,0.44,0.53,0.57,0.62,0.69,0.78,0.73,0.78,0.79,0.67,0.67,0.66,0.72,0.81,0.79,0.81,0.75,0.75,0.81,0.75,0.81,0.91,1.21,1.08,0.94,
China,2.97,2.91,3.28,3.95,6.00,7.56,7.11,8.32,10.88,13.83,16.38,18.01,18.61,18.53,13.16,18.04,18.02,18.83,18.73,19.64,20.84,18.95,20.58,23.52,20.16,21.63,35.09,38.92,20.79,23.68,
Christmas Island,0.00,0.00,0.00,0.00,0.00,0.00,0.00,0.00,0.00,0.00,0.00,0.00,0.00,0.00,0.00,0.00,0.00,0.00,0.00,0.00,0.00,0.00,0.00,0.00,0.00,0.00,0.00,0.00,0.00,0.00,
Cocos (Keeling) Islands,0.00,0.00,0.00,0.00,0.00,0.00,0.00,0.00,0.00,0.00,0.00,0.00,0.00,0.00,0.00,0.00,0.00,0.00,0.00,0.00,0.00,0.00,0.00,0.00,0.00,0.00,0.00,0.00,0.00,0.00,
Colombia,0.24,0.25,0.31,0.29,0.33,0.39,0.37,0.33,0.40,0.48,0.58,0.56,0.59,0.74,0.56,0.57,0.61,0.59,0.53,0.56,0.62,0.64,0.57,0.53,0.57,0.53,0.58,0.84,0.80,0.75,
Comoros,0.00,0.00,0.00,0.00,0.00,0.00,0.00,0.00,0.00,0.00,0.00,0.00,0.00,0.00,0.00,0.00,0.00,0.00,0.00,0.00,0.00,0.00,0.00,0.00,0.00,0.00,0.00,0.00,0.00,0.00,
Cook Islands,0.00,0.00,0.00,0.00,0.00,0.00,0.00,0.00,0.00,0.00,0.00,0.00,0.00,0.00,0.00,0.00,0.00,0.00,0.00,0.00,0.00,0.00,0.00,0.00,0.00,0.00,0.00,0.00,0.00,0.00,
Costa Rica,0.15,0.15,0.17,0.18,0.21,0.22,0.20,0.20,0.22,0.17,0.18,0.24,0.27,0.25,0.20,0.24,0.25,0.26,0.26,0.27,0.23,0.24,0.26,0.27,0.27,0.26,0.31,0.36,0.37,0.37,
Croatia,0.01,0.00,0.00,0.00,0.01,0.01,0.01,0.00,0.01,0.01,0.01,0.01,0.01,0.01,0.01,0.02,0.02,0.02,0.01,0.02,0.01,0.01,0.01,0.02,0.02,0.01,0.02,0.03,0.03,0.03,
Cuba,0.00,0.00,0.00,0.00,0.00,0.00,0.00,0.00,0.00,0.00,0.00,0.00,0.00,0.00,0.00,0.00,0.00,0.00,0.00,0.00,0.00,0.00,0.00,0.00,0.00,0.00,0.00,0.00,0.00,0.00,
Curaçao,0.00,0.00,0.00,0.00,0.00,0.00,0.00,0.00,0.00,0.00,0.00,0.00,0.00,0.00,0.00,0.00,0.00,0.01,0.01,0.01,0.00,0.00,0.00,0.00,0.00,0.00,0.00,0.00,0.00,0.00,
Cyprus,0.00,0.00,0.00,0.00,0.00,0.00,0.00,0.00,0.00,0.00,0.00,0.00,0.00,0.00,0.00,0.00,0.00,0.00,0.00,0.00,0.00,0.00,0.00,0.00,0.00,0.00,0.00,0.00,0.00,0.00,
Czechia (Czech Republic),0.02,0.02,0.03,0.03,0.03,0.05,0.05,0.06,0.06,0.08,0.10,0.10,0.09,0.10,0.06,0.08,0.11,0.12,0.12,0.14,0.15,0.14,0.15,0.16,0.17,0.17,0.24,0.31,0.25,0.23,
Côte d`Ivoire,0.02,0.03,0.02,0.03,0.03,0.04,0.03,0.02,0.02,0.05,0.08,0.05,0.04,0.07,0.03,0.04,0.04,0.04,0.04,0.04,0.03,0.04,0.04,0.05,0.03,0.03,0.05,0.06,0.06,0.04,
Democratic Republic of the Congo,0.01,0.01,0.01,0.01,0.01,0.01,0.01,0.01,0.01,0.01,0.01,0.00,0.00,0.00,0.01,0.02,0.02,0.00,0.00,0.00,0.00,0.00,0.00,0.00,0.00,0.00,0.00,0.00,0.00,0.00,
Denmark,0.09,0.09,0.09,0.10,0.11,0.12,0.12,0.11,0.14,0.14,0.16,0.17,0.17,0.20,0.14,0.13,0.15,0.13,0.11,0.13,0.13,0.13,0.16,0.16,0.16,0.19,0.20,0.24,0.19,0.20,
Djibouti,0.00,0.00,0.00,0.00,0.00,0.00,0.00,0.00,0.00,0.00,0.00,0.00,0.00,0.00,0.00,0.00,0.00,0.00,0.00,0.00,0.00,0.00,0.00,0.00,0.00,0.00,0.00,0.00,0.00,0.00,
Dominica,0.00,0.00,0.00,0.00,0.00,0.00,0.00,0.00,0.00,0.00,0.00,0.00,0.00,0.00,0.00,0.00,0.00,0.00,0.00,0.00,0.00,0.00,0.00,0.00,0.00,0.00,0.00,0.00,0.00,0.00,
Dominican Republic,0.11,0.10,0.12,0.11,0.10,0.10,0.10,0.10,0.10,0.11,0.12,0.12,0.11,0.11,0.09,0.10,0.11,0.12,0.12,0.12,0.12,0.11,0.12,0.14,0.15,0.16,0.20,0.23,0.22,0.22,
Ecuador,0.23,0.21,0.22,0.23,0.23,0.25,0.27,0.25,0.31,0.41,0.46,0.48,0.40,0.48,0.34,0.38,0.41,0.41,0.48,0.44,0.45,0.44,0.38,0.34,0.40,0.44,0.49,0.63,0.62,0.57,
Egypt,0.05,0.05,0.04,0.04,0.03,0.05,0.06,0.06,0.08,0.11,0.13,0.18,0.17,0.11,0.11,0.12,0.10,0.11,0.08,0.07,0.07,0.07,0.08,0.10,0.15,0.13,0.20,0.24,0.15,0.17,
El Salvador,0.03,0.04,0.04,0.04,0.04,0.06,0.05,0.06,0.06,0.06,0.06,0.06,0.07,0.08,0.06,0.07,0.08,0.08,0.08,0.08,0.08,0.08,0.07,0.07,0.07,0.07,0.11,0.14,0.12,0.10,
Equatorial Guinea,0.00,0.01,0.00,0.01,0.00,0.01,0.03,0.03,0.06,0.09,0.11,0.09,0.08,0.13,0.10,0.08,0.03,0.05,0.03,0.01,0.01,0.02,0.02,0.03,0.02,0.01,0.02,0.01,0.03,0.01,
Eritrea,0.00,0.00,0.00,0.00,0.00,0.00,0.00,0.00,0.00,0.00,0.00,0.00,0.00,0.00,0.00,0.00,0.00,0.00,0.00,0.00,0.00,0.00,0.00,0.00,0.00,0.00,0.00,0.00,0.00,0.00,
Estonia,0.01,0.00,0.01,0.01,0.02,0.05,0.02,0.01,0.01,0.04,0.04,0.03,0.02,0.02,0.01,0.02,0.03,0.02,0.01,0.01,0.01,0.02,0.02,0.03,0.03,0.03,0.04,0.04,0.03,0.03,
Eswatini (Swaziland),0.00,0.00,0.00,0.00,0.00,0.00,0.00,0.01,0.01,0.01,0.01,0.01,0.01,0.01,0.01,0.01,0.00,0.00,0.00,0.00,0.00,0.00,0.00,0.00,0.00,0.00,0.00,0.00,0.00,0.00,
Ethiopia,0.00,0.00,0.00,0.00,0.00,0.00,0.00,0.00,0.00,0.00,0.00,0.00,0.01,0.01,0.01,0.01,0.01,0.01,0.01,0.01,0.01,0.01,0.01,0.01,0.02,0.02,0.02,0.03,0.02,0.02,
Falkland Islands,0.00,0.00,0.00,0.00,0.00,0.00,0.00,0.00,0.00,0.00,0.00,0.00,0.00,0.00,0.00,0.00,0.00,0.00,0.00,0.00,0.00,0.00,0.00,0.00,0.00,0.00,0.00,0.00,0.00,0.00,
Faroe Islands,0.00,0.00,0.00,0.00,0.00,0.00,0.00,0.00,0.00,0.00,0.00,0.00,0.00,0.01,0.02,0.02,0.03,0.03,0.04,0.05,0.04,0.04,0.03,0.03,0.04,0.03,0.04,0.04,0.03,0.04,
Fiji,0.01,0.01,0.01,0.01,0.01,0.02,0.02,0.01,0.01,0.01,0.02,0.03,0.04,0.03,0.02,0.03,0.03,0.03,0.04,0.04,0.04,0.04,0.05,0.06,0.05,0.04,0.07,0.10,0.10,0.09,
Finland,0.12,0.12,0.13,0.15,0.13,0.13,0.14,0.16,0.18,0.20,0.20,0.20,0.23,0.24,0.15,0.16,0.18,0.18,0.19,0.21,0.17,0.17,0.17,0.19,0.21,0.16,0.24,0.29,0.25,0.22,
France,0.58,0.55,0.59,0.63,0.64,0.66,0.66,0.59,0.65,0.77,0.86,0.85,0.87,0.87,0.58,0.64,0.74,0.74,0.73,0.78,0.94,0.99,1.03,1.07,0.98,0.83,1.13,1.45,1.16,1.15,
French Guiana,0.00,0.00,0.00,0.00,0.00,0.00,0.00,0.00,0.00,0.00,0.00,0.00,0.00,0.00,0.00,0.00,0.00,0.00,0.00,0.00,0.00,0.00,0.00,0.00,0.00,0.00,0.00,0.00,0.00,0.00,
French Polynesia,0.00,0.00,0.00,0.00,0.00,0.00,0.00,0.00,0.00,0.00,0.00,0.00,0.00,0.00,0.00,0.00,0.00,0.00,0.00,0.00,0.00,0.00,0.00,0.00,0.01,0.00,0.00,0.00,0.00,0.00,
French Southern and Antarctic Lands,0.00,0.00,0.00,0.00,0.00,0.00,0.00,0.00,0.00,0.00,0.00,0.00,0.00,0.00,0.00,0.00,0.00,0.00,0.00,0.00,0.00,0.00,0.00,0.00,0.00,0.00,0.00,0.00,0.00,0.00,
Gabon,0.11,0.12,0.15,0.11,0.10,0.12,0.08,0.07,0.11,0.15,0.14,0.06,0.06,0.09,0.05,0.06,0.09,0.05,0.03,0.03,0.02,0.01,0.01,0.01,0.01,0.01,0.01,0.01,0.01,0.01,
Gambia,0.00,0.00,0.00,0.00,0.00,0.00,0.00,0.00,0.00,0.00,0.00,0.00,0.00,0.00,0.00,0.00,0.00,0.00,0.00,0.00,0.00,0.00,0.00,0.00,0.00,0.00,0.00,0.00,0.00,0.00,
Gaza Strip,0.00,0.00,0.00,0.00,0.00,0.00,0.00,0.00,0.00,0.00,0.00,0.00,0.00,0.00,0.00,0.00,0.00,0.00,0.00,0.00,0.00,0.00,0.00,0.00,0.00,0.00,0.00,0.00,0.00,0.00,
Georgia,0.00,0.00,0.00,0.00,0.00,0.00,0.00,0.00,0.01,0.01,0.01,0.01,0.01,0.01,0.00,0.01,0.01,0.01,0.01,0.02,0.01,0.00,0.01,0.01,0.01,0.01,0.01,0.02,0.01,0.01,
Germany,1.20,1.05,1.12,1.46,1.52,1.43,1.34,1.40,1.57,1.88,2.13,2.15,2.28,2.21,1.39,1.69,2.01,2.08,2.07,2.30,2.37,2.20,2.43,2.50,2.40,2.29,3.01,3.85,3.36,3.11,
Ghana,0.01,0.01,0.01,0.01,0.01,0.01,0.02,0.01,0.01,0.01,0.02,0.02,0.01,0.02,0.01,0.01,0.02,0.01,0.02,0.01,0.02,0.01,0.03,0.03,0.04,0.04,0.06,0.07,0.07,0.04,
Gibraltar,0.00,0.00,0.00,0.00,0.00,0.00,0.00,0.00,0.00,0.00,0.00,0.00,0.00,0.00,0.00,0.00,0.00,0.00,0.00,0.00,0.00,0.00,0.00,0.00,0.00,0.00,0.00,0.00,0.00,0.00,
Greece,0.04,0.04,0.05,0.05,0.05,0.05,0.05,0.06,0.06,0.09,0.12,0.11,0.10,0.09,0.05,0.05,0.05,0.06,0.06,0.06,0.09,0.09,0.10,0.12,0.11,0.11,0.15,0.22,0.15,0.16,
Greenland,0.00,0.00,0.00,0.00,0.00,0.00,0.00,0.00,0.00,0.00,0.00,0.00,0.00,0.00,0.00,0.00,0.00,0.00,0.00,0.00,0.00,0.00,0.00,0.00,0.00,0.00,0.00,0.00,0.00,0.00,
Grenada,0.00,0.00,0.00,0.00,0.00,0.00,0.00,0.00,0.00,0.00,0.00,0.00,0.00,0.00,0.00,0.00,0.00,0.00,0.00,0.00,0.00,0.00,0.00,0.00,0.00,0.00,0.00,0.00,0.00,0.00,
Guadeloupe,0.00,0.00,0.00,0.00,0.00,0.00,0.00,0.00,0.00,0.00,0.00,0.00,0.00,0.00,0.00,0.00,0.00,0.00,0.00,0.00,0.00,0.00,0.00,0.00,0.00,0.00,0.00,0.00,0.00,0.00,
Guatemala,0.11,0.11,0.11,0.14,0.14,0.16,0.16,0.18,0.21,0.21,0.21,0.23,0.24,0.27,0.24,0.23,0.26,0.29,0.30,0.32,0.32,0.34,0.38,0.36,0.32,0.33,0.41,0.48,0.46,0.44,
Guinea,0.03,0.03,0.00,0.03,0.03,0.02,0.02,0.01,0.02,0.02,0.01,0.02,0.04,0.03,0.03,0.04,0.04,0.04,0.04,0.03,0.03,0.00,0.00,0.00,0.00,0.00,0.00,0.00,0.00,0.00,
Guinea-Bissau,0.00,0.00,0.00,0.00,0.00,0.00,0.00,0.00,0.00,0.00,0.00,0.00,0.00,0.00,0.00,0.00,0.00,0.00,0.00,0.00,0.00,0.00,0.00,0.00,0.00,0.00,0.00,0.00,0.00,0.00,
Guyana,0.02,0.02,0.02,0.02,0.03,0.02,0.02,0.02,0.02,0.02,0.01,0.02,0.02,0.02,0.01,0.01,0.01,0.01,0.01,0.02,0.01,0.01,0.01,0.01,0.01,0.03,0.05,0.07,0.10,0.13,
Haiti,0.01,0.01,0.01,0.01,0.01,0.01,0.01,0.01,0.01,0.01,0.01,0.01,0.01,0.01,0.01,0.01,0.02,0.02,0.02,0.02,0.02,0.02,0.02,0.02,0.03,0.02,0.04,0.04,0.03,0.02,
Heard and McDonald Islands,0.00,0.00,0.00,0.00,0.00,0.00,0.00,0.00,0.00,0.00,0.00,0.00,0.00,0.00,0.00,0.00,0.00,0.00,0.00,0.00,0.00,0.00,0.00,0.00,0.00,0.00,0.00,0.00,0.00,0.00,
Honduras,0.10,0.10,0.12,0.12,0.09,0.11,0.12,0.13,0.14,0.16,0.17,0.18,0.19,0.20,0.17,0.17,0.19,0.21,0.21,0.21,0.25,0.25,0.24,0.24,0.24,0.21,0.23,0.29,0.27,0.27,
Hong Kong,0.45,0.39,0.38,0.40,0.47,0.52,0.42,0.45,0.44,0.47,0.41,0.34,0.29,0.23,0.12,0.15,0.13,0.12,0.12,0.13,0.14,0.14,0.16,0.15,0.10,0.08,0.11,0.12,0.07,0.08,
Hungary,0.03,0.03,0.03,0.04,0.04,0.06,0.05,0.05,0.06,0.07,0.07,0.06,0.06,0.06,0.04,0.05,0.06,0.07,0.08,0.09,0.09,0.10,0.09,0.11,0.10,0.10,0.13,0.19,0.17,0.14,
Iceland,0.02,0.02,0.01,0.02,0.02,0.01,0.01,0.01,0.01,0.02,0.01,0.02,0.01,0.01,0.01,0.01,0.01,0.02,0.02,0.02,0.02,0.02,0.03,0.03,0.03,0.03,0.04,0.04,0.04,0.04,
India,0.35,0.36,0.39,0.43,0.51,0.63,0.55,0.63,0.70,0.87,1.07,1.17,1.09,1.17,0.87,1.18,1.30,1.39,1.41,1.74,1.89,1.71,1.97,2.09,2.26,2.38,3.76,5.32,3.51,3.82,
Indonesia,0.52,0.53,0.56,0.64,0.76,0.83,0.80,0.74,0.75,0.87,0.93,0.94,0.90,0.91,0.71,0.92,0.88,0.84,0.90,0.95,1.05,0.94,0.94,0.99,1.04,1.06,1.88,2.70,1.29,1.46,
Iran,0.00,0.00,0.00,0.00,0.00,0.01,0.01,0.01,0.01,0.00,0.00,0.00,0.01,0.00,0.00,0.00,0.00,0.00,0.00,0.00,0.00,0.00,0.00,0.00,0.00,0.00,0.00,0.00,0.00,0.00,
Iraq,0.00,0.00,0.03,0.16,0.32,0.41,0.50,0.21,0.34,0.69,0.61,0.66,0.49,0.99,0.46,0.48,0.41,0.37,0.24,0.33,0.22,0.34,0.40,0.25,0.22,0.17,0.09,0.29,0.44,0.28,
Ireland,0.07,0.07,0.09,0.09,0.09,0.11,0.09,0.10,0.12,0.13,0.15,0.14,0.14,0.14,0.12,0.13,0.14,0.13,0.13,0.14,0.16,0.20,0.23,0.22,0.22,0.31,0.33,0.47,0.42,0.47,
Israel,0.12,0.12,0.13,0.16,0.16,0.24,0.19,0.20,0.24,0.26,0.25,0.25,0.27,0.29,0.22,0.25,0.22,0.21,0.29,0.46,0.43,0.43,0.42,0.41,0.39,0.32,0.35,0.42,0.34,0.30,
Italy,0.80,0.78,0.82,0.90,0.90,1.15,1.13,1.13,1.22,1.32,1.41,1.45,1.43,1.35,0.86,0.96,1.12,1.22,1.16,1.24,1.27,1.34,1.44,1.51,1.58,1.54,2.05,2.75,2.24,2.05,
Jamaica,0.05,0.05,0.04,0.04,0.05,0.03,0.03,0.03,0.03,0.02,0.03,0.04,0.06,0.06,0.04,0.04,0.05,0.05,0.03,0.03,0.02,0.02,0.01,0.01,0.02,0.01,0.02,0.02,0.02,0.02,
Japan,3.62,2.74,2.91,3.11,3.47,4.06,3.11,3.14,3.20,3.74,3.86,4.15,3.96,4.10,2.45,3.21,3.63,4.02,3.56,3.51,3.66,3.07,3.32,3.47,3.34,2.97,4.24,6.11,4.25,3.86,
Jordan,0.00,0.00,0.00,0.00,0.00,0.00,0.01,0.03,0.03,0.05,0.05,0.07,0.05,0.05,0.03,0.03,0.03,0.03,0.03,0.03,0.03,0.04,0.04,0.04,0.06,0.05,0.08,0.11,0.08,0.08,
Kazakhstan,0.01,0.01,0.00,0.01,0.01,0.02,0.01,0.01,0.02,0.03,0.06,0.04,0.04,0.05,0.05,0.06,0.03,0.04,0.04,0.05,0.03,0.04,0.04,0.05,0.04,0.03,0.07,0.09,0.08,0.08,
Kenya,0.01,0.01,0.01,0.01,0.01,0.01,0.01,0.01,0.02,0.02,0.02,0.02,0.02,0.02,0.01,0.01,0.02,0.02,0.01,0.02,0.02,0.02,0.02,0.02,0.02,0.02,0.02,0.03,0.02,0.02,
Kiribati,0.00,0.00,0.00,0.00,0.00,0.00,0.00,0.00,0.00,0.00,0.00,0.00,0.00,0.00,0.00,0.00,0.00,0.00,0.00,0.00,0.00,0.00,0.00,0.00,0.00,0.00,0.00,0.00,0.00,0.00,
Kosovo,0.00,0.00,0.00,0.00,0.00,0.00,0.00,0.00,0.00,0.00,0.00,0.00,0.00,0.00,0.00,0.00,0.00,0.00,0.00,0.00,0.00,0.00,0.00,0.00,0.00,0.00,0.01,0.01,0.01,0.00,
Kuwait,0.13,0.14,0.18,0.20,0.13,0.24,0.22,0.11,0.20,0.24,0.28,0.20,0.19,0.31,0.19,0.20,0.20,0.33,0.30,0.29,0.20,0.18,0.10,0.04,0.03,0.03,0.03,0.08,0.06,0.10,
Kyrgyzstan,0.00,0.00,0.00,0.00,0.00,0.00,0.00,0.00,0.00,0.00,0.00,0.00,0.00,0.00,0.00,0.00,0.00,0.00,0.00,0.00,0.00,0.00,0.00,0.00,0.00,0.00,0.00,0.00,0.00,0.00,
Laos,0.00,0.00,0.00,0.00,0.00,0.00,0.00,0.00,0.00,0.00,0.00,0.00,0.00,0.00,0.00,0.00,0.00,0.00,0.00,0.00,0.00,0.00,0.00,0.00,0.00,0.00,0.01,0.01,0.01,0.05,
Latvia,0.01,0.01,0.01,0.01,0.01,0.02,0.02,0.01,0.02,0.03,0.02,0.02,0.02,0.01,0.01,0.01,0.01,0.01,0.01,0.01,0.01,0.01,0.02,0.02,0.02,0.03,0.03,0.05,0.04,0.04,
Lebanon,0.00,0.00,0.00,0.00,0.00,0.00,0.00,0.00,0.00,0.00,0.00,0.00,0.00,0.00,0.00,0.00,0.00,0.00,0.00,0.00,0.00,0.00,0.00,0.00,0.00,0.00,0.01,0.01,0.01,0.01,
Lesotho,0.00,0.00,0.00,0.00,0.00,0.01,0.01,0.02,0.03,0.03,0.02,0.02,0.02,0.02,0.01,0.01,0.01,0.01,0.01,0.01,0.01,0.01,0.01,0.01,0.01,0.01,0.01,0.01,0.00,0.01,
Liberia,0.00,0.00,0.00,0.00,0.00,0.00,0.00,0.00,0.00,0.01,0.01,0.00,0.00,0.00,0.00,0.00,0.00,0.00,0.00,0.00,0.00,0.00,0.00,0.00,0.00,0.00,0.01,0.01,0.01,0.00,
Libya,0.00,0.00,0.00,0.00,0.00,0.00,0.00,0.00,0.00,0.02,0.09,0.13,0.15,0.17,0.06,0.07,0.02,0.06,0.06,0.01,0.01,0.02,0.06,0.04,0.07,0.01,0.07,0.04,0.03,0.03,
Liechtenstein,0.00,0.00,0.00,0.01,0.01,0.01,0.00,0.00,0.00,0.00,0.01,0.01,0.01,0.00,0.00,0.00,0.00,0.00,0.00,0.00,0.00,0.00,0.01,0.00,0.00,0.00,0.01,0.01,0.00,0.00,
Lithuania,0.00,0.00,0.01,0.01,0.01,0.01,0.02,0.02,0.03,0.04,0.05,0.04,0.04,0.05,0.03,0.03,0.05,0.05,0.06,0.04,0.06,0.06,0.07,0.05,0.05,0.05,0.09,0.15,0.10,0.07,
Luxembourg,0.01,0.02,0.02,0.02,0.02,0.02,0.02,0.02,0.02,0.02,0.02,0.03,0.03,0.02,0.01,0.02,0.02,0.02,0.02,0.03,0.02,0.02,0.02,0.02,0.03,0.01,0.02,0.03,0.03,0.02,
Macau,0.05,0.04,0.04,0.04,0.06,0.07,0.06,0.08,0.07,0.09,0.07,0.06,0.05,0.04,0.01,0.01,0.00,0.00,0.00,0.00,0.00,0.00,0.00,0.00,0.00,0.00,0.01,0.00,0.00,0.00,
Madagascar,0.00,0.00,0.00,0.00,0.01,0.01,0.01,0.01,0.02,0.02,0.02,0.02,0.02,0.02,0.01,0.00,0.00,0.00,0.00,0.00,0.01,0.01,0.01,0.01,0.01,0.01,0.02,0.02,0.02,0.02,
Malawi,0.00,0.01,0.01,0.00,0.00,0.00,0.01,0.01,0.01,0.00,0.01,0.00,0.00,0.01,0.00,0.00,0.00,0.00,0.00,0.00,0.00,0.00,0.00,0.00,0.00,0.00,0.00,0.00,0.00,0.00,
Malaysia,0.50,0.51,0.51,0.52,0.66,0.83,0.74,0.72,0.75,0.87,0.97,0.99,0.91,0.83,0.61,0.72,0.71,0.72,0.71,0.69,0.75,0.70,0.73,0.77,0.93,1.16,1.64,2.14,1.18,1.31,
Maldives,0.00,0.00,0.00,0.00,0.00,0.01,0.01,0.01,0.00,0.00,0.00,0.00,0.00,0.00,0.00,0.00,0.00,0.00,0.01,0.01,0.01,0.01,0.01,0.01,0.01,0.00,0.00,0.00,0.00,0.00,
Mali,0.00,0.00,0.00,0.00,0.00,0.00,0.00,0.00,0.00,0.00,0.00,0.00,0.00,0.00,0.00,0.00,0.00,0.00,0.00,0.00,0.00,0.00,0.00,0.00,0.00,0.00,0.00,0.00,0.00,0.00,
Malta,0.00,0.00,0.00,0.01,0.00,0.01,0.00,0.00,0.01,0.01,0.01,0.01,0.01,0.01,0.00,0.01,0.01,0.01,0.00,0.00,0.00,0.00,0.00,0.00,0.00,0.01,0.00,0.00,0.00,0.00,
Marshall Islands,0.00,0.00,0.00,0.00,0.00,0.00,0.00,0.00,0.00,0.00,0.00,0.00,0.00,0.00,0.00,0.00,0.00,0.00,0.00,0.00,0.00,0.00,0.00,0.00,0.00,0.00,0.00,0.00,0.00,0.00,
Martinique,0.00,0.00,0.00,0.00,0.00,0.00,0.00,0.00,0.00,0.00,0.00,0.00,0.00,0.00,0.00,0.00,0.00,0.00,0.00,0.00,0.00,0.00,0.00,0.00,0.00,0.00,0.00,0.00,0.00,0.00,
Mauritania,0.00,0.00,0.00,0.00,0.00,0.00,0.00,0.00,0.00,0.00,0.00,0.00,0.00,0.00,0.00,0.00,0.00,0.00,0.00,0.00,0.00,0.00,0.00,0.00,0.00,0.00,0.00,0.00,0.00,0.00,
Mauritius,0.01,0.01,0.02,0.02,0.02,0.02,0.02,0.02,0.02,0.01,0.01,0.01,0.01,0.01,0.01,0.01,0.01,0.01,0.01,0.01,0.01,0.01,0.01,0.01,0.01,0.01,0.01,0.02,0.01,0.01,
Mayotte,0.00,0.00,0.00,0.00,0.00,0.00,0.00,0.00,0.00,0.00,0.00,0.00,0.00,0.00,0.00,0.00,0.00,0.00,0.00,0.00,0.00,0.00,0.00,0.00,0.00,0.00,0.00,0.00,0.00,0.00,
Mexico,1.05,1.15,1.29,1.37,1.38,1.54,1.34,1.41,1.63,1.98,2.29,2.26,2.09,2.17,1.80,2.27,2.29,2.37,2.59,2.81,2.79,2.72,2.93,3.08,3.18,3.46,3.65,4.25,4.44,4.14,
Micronesia,0.00,0.00,0.00,0.00,0.00,0.00,0.00,0.00,0.00,0.00,0.00,0.00,0.00,0.00,0.00,0.00,0.00,0.00,0.00,0.00,0.00,0.00,0.00,0.00,0.00,0.00,0.00,0.00,0.00,0.00,
Moldova,0.00,0.00,0.00,0.01,0.01,0.01,0.01,0.00,0.00,0.00,0.00,0.00,0.00,0.00,0.00,0.00,0.00,0.00,0.00,0.00,0.00,0.00,0.00,0.00,0.00,0.00,0.00,0.01,0.01,0.01,
Monaco,0.00,0.00,0.00,0.00,0.00,0.00,0.00,0.00,0.00,0.00,0.00,0.00,0.00,0.00,0.00,0.00,0.00,0.00,0.00,0.00,0.00,0.00,0.00,0.00,0.00,0.00,0.00,0.00,0.00,0.00,
Mongolia,0.00,0.00,0.00,0.00,0.01,0.01,0.01,0.01,0.01,0.01,0.01,0.01,0.00,0.00,0.00,0.00,0.00,0.00,0.00,0.00,0.00,0.00,0.00,0.00,0.00,0.00,0.00,0.00,0.00,0.00,
Montenegro,0.00,0.00,0.00,0.00,0.00,0.00,0.00,0.00,0.00,0.00,0.00,0.00,0.00,0.00,0.00,0.00,0.00,0.00,0.00,0.00,0.00,0.00,0.00,0.00,0.00,0.00,0.00,0.00,0.00,0.00,
Montserrat ,0.00,0.00,0.00,0.00,0.00,0.00,0.00,0.00,0.00,0.00,0.00,0.00,0.00,0.00,0.00,0.00,0.00,0.00,0.00,0.00,0.00,0.00,0.00,0.00,0.00,0.00,0.00,0.00,0.00,0.00,
Morocco,0.02,0.02,0.02,0.02,0.03,0.03,0.03,0.03,0.03,0.04,0.03,0.04,0.05,0.07,0.05,0.07,0.07,0.06,0.06,0.06,0.05,0.04,0.05,0.06,0.07,0.05,0.07,0.10,0.07,0.08,
Mozambique,0.00,0.00,0.00,0.00,0.00,0.00,0.00,0.00,0.00,0.00,0.00,0.00,0.00,0.00,0.00,0.00,0.00,0.00,0.00,0.00,0.00,0.00,0.00,0.00,0.00,0.00,0.00,0.00,0.00,0.00,
Myanmar (Burma),0.01,0.01,0.01,0.01,0.02,0.04,0.03,0.02,0.02,0.00,0.00,0.00,0.00,0.00,0.00,0.00,0.00,0.00,0.00,0.00,0.01,0.01,0.01,0.02,0.03,0.05,0.06,0.07,0.04,0.03,
Namibia,0.00,0.00,0.00,0.00,0.00,0.00,0.00,0.00,0.00,0.01,0.00,0.00,0.00,0.00,0.00,0.00,0.00,0.00,0.00,0.00,0.00,0.00,0.00,0.00,0.00,0.00,0.00,0.00,0.00,0.00,
Nauru,0.00,0.00,0.00,0.00,0.00,0.00,0.00,0.00,0.00,0.00,0.00,0.00,0.00,0.00,0.00,0.00,0.00,0.00,0.00,0.00,0.00,0.00,0.00,0.00,0.00,0.00,0.00,0.00,0.00,0.00,
Nepal,0.01,0.01,0.01,0.01,0.02,0.02,0.02,0.01,0.01,0.01,0.01,0.01,0.01,0.01,0.01,0.01,0.01,0.01,0.01,0.01,0.01,0.01,0.01,0.01,0.01,0.01,0.01,0.01,0.01,0.01,
Netherlands,0.39,0.39,0.40,0.42,0.41,0.46,0.45,0.44,0.47,0.57,0.64,0.73,0.72,0.68,0.49,0.54,0.62,0.64,0.69,0.79,0.81,0.57,0.66,0.77,1.08,0.73,0.90,1.07,0.93,0.92,
Netherlands Antilles ,0.02,0.03,0.03,0.02,0.02,0.03,0.03,0.02,0.03,0.02,0.05,0.04,0.03,0.02,0.01,0.02,0.01,0.00,0.00,0.00,0.00,0.00,0.00,0.00,0.00,0.00,0.00,0.00,0.00,0.00,
New Caledonia,0.01,0.01,0.02,0.00,0.00,0.00,0.00,0.00,0.00,0.00,0.00,0.00,0.00,0.00,0.00,0.00,0.00,0.00,0.01,0.00,0.00,0.00,0.00,0.00,0.00,0.00,0.00,0.00,0.00,0.00,
New Zealand,0.14,0.14,0.16,0.16,0.17,0.18,0.18,0.19,0.20,0.21,0.21,0.21,0.20,0.19,0.16,0.17,0.19,0.18,0.18,0.18,0.19,0.18,0.18,0.18,0.17,0.17,0.21,0.25,0.25,0.24,
Nicaragua,0.01,0.02,0.02,0.02,0.02,0.02,0.03,0.03,0.03,0.04,0.05,0.05,0.06,0.07,0.06,0.09,0.08,0.09,0.08,0.08,0.10,0.09,0.09,0.10,0.11,0.09,0.14,0.17,0.17,0.14,
Niger,0.00,0.00,0.00,0.00,0.00,0.00,0.00,0.00,0.00,0.00,0.00,0.00,0.00,0.00,0.00,0.00,0.00,0.00,0.00,0.00,0.00,0.00,0.00,0.00,0.00,0.00,0.00,0.00,0.00,0.00,
Nigeria,0.28,0.32,0.37,0.35,0.27,0.50,0.39,0.25,0.55,0.87,0.92,1.04,0.97,1.15,0.61,0.84,0.61,0.39,0.26,0.10,0.09,0.20,0.27,0.15,0.15,0.07,0.09,0.10,0.15,0.17,
Niue,0.00,0.00,0.00,0.00,0.00,0.00,0.00,0.00,0.00,0.00,0.00,0.00,0.00,0.00,0.00,0.00,0.00,0.00,0.00,0.00,0.00,0.00,0.00,0.00,0.00,0.00,0.00,0.00,0.00,0.00,
Norfolk Island,0.00,0.00,0.00,0.00,0.00,0.00,0.00,0.00,0.00,0.00,0.00,0.00,0.00,0.00,0.00,0.00,0.00,0.00,0.00,0.00,0.00,0.00,0.00,0.00,0.00,0.00,0.00,0.00,0.00,0.00,
North Korea,0.00,0.00,0.00,0.00,0.00,0.00,0.00,0.00,0.00,0.00,0.00,0.00,0.00,0.00,0.00,0.00,0.00,0.00,0.00,0.00,0.00,0.00,0.00,0.00,0.00,0.00,0.00,0.00,0.00,0.00,
North Macedonia,0.00,0.01,0.01,0.01,0.01,0.01,0.01,0.00,0.00,0.00,0.00,0.00,0.00,0.00,0.00,0.00,0.00,0.00,0.00,0.00,0.00,0.00,0.01,0.01,0.01,0.00,0.01,0.01,0.00,0.01,
Norway,0.16,0.19,0.19,0.16,0.19,0.25,0.26,0.24,0.26,0.32,0.30,0.30,0.27,0.29,0.21,0.24,0.25,0.22,0.21,0.21,0.24,0.25,0.27,0.31,0.30,0.20,0.26,0.30,0.26,0.30,
Oman,0.03,0.04,0.02,0.01,0.01,0.02,0.03,0.02,0.05,0.03,0.04,0.05,0.05,0.04,0.06,0.04,0.08,0.07,0.06,0.06,0.07,0.07,0.06,0.07,0.07,0.07,0.13,0.25,0.11,0.09,
Pakistan,0.08,0.08,0.08,0.10,0.13,0.17,0.17,0.18,0.20,0.22,0.24,0.29,0.25,0.24,0.20,0.22,0.19,0.20,0.20,0.20,0.21,0.18,0.19,0.19,0.19,0.21,0.39,0.56,0.30,0.34,
Palau,0.00,0.00,0.00,0.00,0.00,0.00,0.00,0.00,0.00,0.00,0.00,0.00,0.00,0.00,0.00,0.00,0.00,0.00,0.00,0.00,0.00,0.00,0.00,0.00,0.00,0.00,0.00,0.00,0.00,0.00,
Panama,0.03,0.04,0.04,0.02,0.03,0.02,0.02,0.02,0.02,0.02,0.02,0.03,0.03,0.02,0.02,0.02,0.02,0.02,0.02,0.02,0.02,0.02,0.02,0.02,0.02,0.02,0.03,0.03,0.03,0.03,
Papua New Guinea,0.00,0.01,0.01,0.01,0.01,0.00,0.00,0.01,0.00,0.00,0.00,0.00,0.01,0.01,0.00,0.00,0.00,0.00,0.00,0.00,0.00,0.00,0.01,0.00,0.00,0.00,0.00,0.00,0.00,0.00,
Paraguay,0.01,0.00,0.00,0.00,0.00,0.00,0.00,0.00,0.01,0.01,0.01,0.01,0.01,0.01,0.01,0.01,0.01,0.01,0.01,0.01,0.01,0.01,0.01,0.01,0.01,0.01,0.02,0.02,0.01,0.02,
Peru,0.06,0.08,0.09,0.10,0.10,0.11,0.13,0.14,0.17,0.21,0.27,0.28,0.28,0.28,0.22,0.26,0.30,0.25,0.28,0.34,0.33,0.30,0.34,0.38,0.37,0.41,0.45,0.66,0.57,0.65,
Philippines,0.36,0.33,0.36,0.39,0.46,0.52,0.44,0.45,0.43,0.44,0.45,0.44,0.41,0.38,0.26,0.32,0.34,0.33,0.34,0.35,0.38,0.33,0.34,0.34,0.41,0.36,0.55,0.70,0.42,0.42,
Pitcairn Islands,0.00,0.00,0.00,0.00,0.00,0.00,0.00,0.00,0.00,0.00,0.00,0.00,0.00,0.00,0.00,0.00,0.00,0.00,0.00,0.00,0.00,0.00,0.00,0.00,0.00,0.00,0.00,0.00,0.00,0.00,
Poland,0.05,0.04,0.05,0.05,0.06,0.07,0.07,0.07,0.09,0.12,0.13,0.12,0.13,0.14,0.10,0.14,0.15,0.16,0.18,0.19,0.21,0.19,0.24,0.25,0.27,0.26,0.40,0.63,0.46,0.39,
Portugal,0.06,0.05,0.06,0.06,0.06,0.07,0.06,0.07,0.08,0.09,0.09,0.10,0.10,0.09,0.06,0.08,0.09,0.10,0.11,0.12,0.13,0.13,0.15,0.15,0.15,0.16,0.22,0.30,0.25,0.29,
Qatar,0.01,0.01,0.01,0.02,0.03,0.10,0.07,0.05,0.04,0.04,0.04,0.02,0.04,0.04,0.03,0.02,0.04,0.02,0.04,0.04,0.03,0.03,0.04,0.05,0.05,0.04,0.05,0.10,0.08,0.04,
Republic of the Congo,0.02,0.02,0.03,0.02,0.03,0.03,0.04,0.01,0.02,0.04,0.07,0.09,0.11,0.13,0.08,0.08,0.04,0.03,0.03,0.01,0.01,0.01,0.01,0.01,0.02,0.01,0.00,0.00,0.01,0.00,
Reunion,0.00,0.00,0.00,0.00,0.00,0.00,0.00,0.00,0.00,0.00,0.00,0.00,0.00,0.00,0.00,0.00,0.00,0.00,0.00,0.00,0.00,0.00,0.00,0.00,0.00,0.00,0.00,0.00,0.00,0.00,
Romania,0.02,0.02,0.03,0.03,0.03,0.03,0.04,0.05,0.06,0.07,0.10,0.08,0.07,0.07,0.03,0.05,0.06,0.07,0.07,0.09,0.09,0.07,0.08,0.09,0.08,0.08,0.12,0.16,0.13,0.13,
Russia,0.24,0.18,0.23,0.27,0.21,0.24,0.27,0.32,0.49,0.71,0.87,0.95,0.86,1.16,0.77,0.85,0.94,0.87,0.77,0.81,0.80,0.75,0.72,0.72,0.90,0.87,1.07,0.61,0.34,0.26,
Rwanda,0.00,0.00,0.00,0.00,0.00,0.00,0.00,0.00,0.00,0.00,0.00,0.00,0.00,0.00,0.00,0.00,0.00,0.00,0.00,0.00,0.00,0.00,0.00,0.00,0.00,0.00,0.00,0.00,0.00,0.00,
Saint Helena,0.00,0.00,0.00,0.00,0.00,0.00,0.00,0.00,0.00,0.00,0.00,0.00,0.00,0.00,0.00,0.00,0.00,0.00,0.00,0.00,0.00,0.00,0.00,0.00,0.00,0.00,0.00,0.00,0.00,0.00,
Saint Kitts and Nevis,0.00,0.00,0.00,0.00,0.00,0.00,0.00,0.00,0.00,0.00,0.00,0.00,0.00,0.00,0.00,0.00,0.00,0.00,0.00,0.00,0.00,0.00,0.00,0.00,0.00,0.00,0.00,0.00,0.00,0.00,
Saint Lucia,0.00,0.00,0.00,0.00,0.00,0.00,0.00,0.00,0.00,0.00,0.00,0.00,0.00,0.00,0.00,0.00,0.00,0.00,0.00,0.00,0.00,0.00,0.00,0.00,0.00,0.00,0.00,0.00,0.00,0.00,
Saint Pierre and Miquelon,0.00,0.00,0.00,0.00,0.00,0.00,0.00,0.00,0.00,0.00,0.00,0.00,0.00,0.00,0.00,0.00,0.00,0.00,0.00,0.00,0.00,0.00,0.00,0.00,0.00,0.00,0.00,0.00,0.00,0.00,
Saint Vincent and the Grenadines,0.00,0.00,0.00,0.00,0.00,0.00,0.00,0.00,0.00,0.00,0.00,0.00,0.00,0.00,0.00,0.00,0.00,0.00,0.00,0.00,0.00,0.00,0.00,0.00,0.00,0.00,0.00,0.00,0.00,0.00,
Samoa,0.00,0.00,0.00,0.00,0.00,0.00,0.00,0.00,0.00,0.00,0.00,0.00,0.00,0.00,0.00,0.00,0.00,0.00,0.00,0.00,0.00,0.00,0.00,0.00,0.00,0.00,0.00,0.00,0.00,0.00,
San Marino,0.00,0.00,0.00,0.00,0.00,0.00,0.00,0.00,0.00,0.00,0.00,0.00,0.00,0.00,0.00,0.00,0.00,0.00,0.00,0.00,0.00,0.00,0.00,0.00,0.00,0.00,0.00,0.00,0.00,0.00,
Saudi Arabia,0.67,0.66,0.79,0.83,0.67,0.86,1.08,0.75,1.46,1.58,1.74,1.40,1.54,2.22,1.20,1.23,1.28,1.66,1.29,1.31,1.28,1.09,0.75,0.55,0.42,0.53,0.41,0.69,0.63,0.46,
Senegal,0.00,0.00,0.00,0.00,0.00,0.00,0.00,0.00,0.00,0.00,0.00,0.00,0.00,0.00,0.00,0.00,0.00,0.00,0.00,0.00,0.00,0.00,0.00,0.00,0.01,0.00,0.01,0.01,0.01,0.01,
Serbia,0.00,0.00,0.00,0.00,0.00,0.00,0.00,0.00,0.00,0.00,0.00,0.00,0.00,0.00,0.00,0.00,0.00,0.00,0.01,0.01,0.01,0.01,0.01,0.02,0.01,0.02,0.03,0.04,0.03,0.03,
Serbia and Montenegro,0.00,0.00,0.00,0.00,0.00,0.00,0.00,0.00,0.00,0.01,0.01,0.00,0.00,0.00,0.00,0.00,0.00,0.00,0.00,0.00,0.00,0.00,0.00,0.00,0.00,0.00,0.00,0.00,0.00,0.00,
Serbia prior to 2009,0.00,0.00,0.00,0.00,0.00,0.00,0.00,0.00,0.00,0.00,0.00,0.00,0.00,0.00,0.00,0.00,0.00,0.00,0.00,0.00,0.00,0.00,0.00,0.00,0.00,0.00,0.00,0.00,0.00,0.00,
Seychelles,0.00,0.00,0.00,0.00,0.00,0.00,0.00,0.00,0.00,0.00,0.00,0.00,0.00,0.00,0.00,0.00,0.00,0.00,0.00,0.00,0.00,0.00,0.00,0.00,0.00,0.00,0.00,0.00,0.00,0.00,
Sierra Leone,0.00,0.00,0.00,0.00,0.00,0.00,0.00,0.00,0.00,0.00,0.00,0.01,0.01,0.01,0.00,0.00,0.00,0.00,0.00,0.00,0.00,0.00,0.00,0.00,0.00,0.00,0.00,0.00,0.00,0.00,
Singapore,0.33,0.31,0.30,0.30,0.36,0.37,0.28,0.30,0.33,0.29,0.27,0.29,0.30,0.28,0.20,0.27,0.25,0.23,0.26,0.23,0.25,0.23,0.25,0.27,0.30,0.29,0.40,0.49,0.37,0.35,
Sint Maarten,0.00,0.00,0.00,0.00,0.00,0.00,0.00,0.00,0.00,0.00,0.00,0.00,0.00,0.00,0.00,0.00,0.00,0.00,0.00,0.00,0.00,0.00,0.00,0.00,0.00,0.00,0.00,0.00,0.00,0.00,
Slovakia,0.01,0.01,0.01,0.01,0.01,0.01,0.01,0.02,0.03,0.03,0.03,0.04,0.04,0.03,0.02,0.02,0.03,0.03,0.03,0.04,0.04,0.03,0.04,0.05,0.06,0.08,0.08,0.12,0.12,0.11,
Slovenia,0.01,0.01,0.01,0.01,0.01,0.02,0.02,0.02,0.02,0.02,0.02,0.02,0.02,0.02,0.01,0.02,0.02,0.02,0.02,0.02,0.02,0.02,0.02,0.03,0.03,0.03,0.04,0.06,0.05,0.04,
Solomon Islands,0.00,0.00,0.00,0.00,0.00,0.00,0.00,0.00,0.00,0.00,0.00,0.00,0.00,0.00,0.00,0.00,0.00,0.00,0.00,0.00,0.00,0.00,0.00,0.00,0.00,0.00,0.00,0.00,0.00,0.00,
Somalia,0.00,0.00,0.00,0.00,0.00,0.00,0.00,0.00,0.00,0.00,0.00,0.00,0.00,0.00,0.00,0.00,0.00,0.00,0.00,0.00,0.00,0.00,0.00,0.00,0.00,0.00,0.00,0.00,0.00,0.00,
South Africa,0.10,0.11,0.12,0.13,0.14,0.16,0.16,0.16,0.19,0.22,0.21,0.23,0.22,0.23,0.17,0.19,0.20,0.20,0.17,0.17,0.19,0.18,0.22,0.20,0.19,0.16,0.22,0.30,0.30,0.27,
South Korea,0.71,0.63,0.64,0.87,1.21,1.42,1.31,1.33,1.38,1.65,1.74,1.81,1.75,1.75,1.31,1.73,1.94,2.10,2.04,2.23,2.29,2.00,2.01,1.94,2.46,2.30,3.85,5.52,3.48,3.91,
South Sudan,0.00,0.00,0.00,0.00,0.00,0.00,0.00,0.00,0.00,0.00,0.00,0.00,0.00,0.00,0.00,0.00,0.00,0.00,0.00,0.00,0.00,0.00,0.00,0.00,0.00,0.00,0.00,0.00,0.00,0.00,
Spain,0.28,0.28,0.31,0.33,0.35,0.42,0.39,0.39,0.43,0.46,0.51,0.58,0.54,0.48,0.33,0.35,0.44,0.43,0.42,0.49,0.55,0.54,0.61,0.60,0.69,0.64,0.85,1.24,0.96,0.81,
Sri Lanka,0.08,0.08,0.09,0.09,0.12,0.14,0.12,0.11,0.12,0.12,0.13,0.14,0.11,0.11,0.07,0.08,0.10,0.11,0.12,0.12,0.14,0.13,0.14,0.12,0.12,0.11,0.19,0.23,0.13,0.14,
Sudan,0.00,0.00,0.00,0.00,0.00,0.00,0.00,0.00,0.00,0.00,0.00,0.00,0.00,0.00,0.00,0.00,0.00,0.00,0.00,0.00,0.00,0.00,0.00,0.00,0.00,0.00,0.00,0.00,0.00,0.00,
Sudan prior to South Sudan split,0.00,0.00,0.00,0.00,0.00,0.00,0.00,0.00,0.00,0.00,0.00,0.00,0.00,0.00,0.00,0.00,0.00,0.00,0.00,0.00,0.00,0.00,0.00,0.00,0.00,0.00,0.00,0.00,0.00,0.00,
Suriname,0.00,0.00,0.01,0.01,0.01,0.00,0.01,0.01,0.01,0.01,0.01,0.01,0.01,0.01,0.01,0.02,0.04,0.03,0.03,0.02,0.01,0.00,0.01,0.01,0.01,0.00,0.00,0.00,0.01,0.01,
Svalbard and Jan Mayen,0.00,0.00,0.00,0.00,0.00,0.00,0.00,0.00,0.00,0.00,0.00,0.00,0.00,0.00,0.00,0.00,0.00,0.00,0.00,0.00,0.00,0.00,0.00,0.00,0.00,0.00,0.00,0.00,0.00,0.00,
Sweden,0.22,0.22,0.23,0.24,0.23,0.30,0.28,0.26,0.33,0.41,0.40,0.39,0.35,0.35,0.20,0.29,0.32,0.29,0.25,0.28,0.25,0.26,0.38,1.03,0.53,0.35,0.47,0.59,0.46,0.50,
Switzerland,0.15,0.14,0.14,0.22,0.19,0.21,0.17,0.16,0.17,0.17,0.19,0.20,0.22,0.26,0.18,0.23,0.26,0.26,0.25,0.29,0.30,0.30,0.29,0.30,0.51,0.51,0.39,0.50,0.45,0.46,
Syria,0.01,0.00,0.00,0.00,0.01,0.01,0.01,0.01,0.02,0.03,0.03,0.02,0.01,0.02,0.02,0.02,0.01,0.00,0.00,0.00,0.00,0.00,0.00,0.00,0.00,0.00,0.00,0.00,0.00,0.00,
São Tomé and Príncipe,0.00,0.00,0.00,0.00,0.00,0.00,0.00,0.00,0.00,0.00,0.00,0.00,0.00,0.00,0.00,0.00,0.00,0.00,0.00,0.00,0.00,0.00,0.00,0.00,0.00,0.00,0.00,0.00,0.00,0.00,
Taiwan,1.18,1.11,1.09,1.22,1.56,1.75,1.39,1.32,1.42,1.59,1.55,1.58,1.55,1.42,0.97,1.31,1.32,1.36,1.36,1.44,1.55,1.40,1.48,1.50,1.70,2.03,3.59,4.23,2.17,2.47,
Tajikistan,0.00,0.00,0.00,0.00,0.00,0.00,0.00,0.00,0.00,0.00,0.01,0.00,0.00,0.00,0.00,0.00,0.00,0.00,0.00,0.00,0.00,0.00,0.00,0.00,0.00,0.00,0.00,0.00,0.00,0.00,
Tanzania,0.00,0.00,0.00,0.00,0.00,0.00,0.00,0.00,0.00,0.00,0.00,0.00,0.00,0.00,0.00,0.00,0.00,0.00,0.00,0.00,0.00,0.00,0.00,0.00,0.00,0.00,0.00,0.01,0.01,0.01,
Thailand,0.50,0.46,0.46,0.54,0.83,0.99,0.84,0.88,0.93,1.07,1.14,1.21,1.04,1.06,0.78,0.93,0.92,0.93,0.90,0.90,1.00,0.98,1.10,1.15,1.31,1.62,3.06,4.26,2.30,2.68,
Timor-Leste,0.00,0.00,0.00,0.00,0.00,0.00,0.00,0.00,0.00,0.00,0.00,0.00,0.00,0.00,0.00,0.00,0.00,0.00,0.00,0.00,0.00,0.00,0.00,0.00,0.00,0.00,0.00,0.00,0.00,0.00,
Togo,0.00,0.00,0.00,0.00,0.00,0.00,0.00,0.00,0.00,0.00,0.00,0.00,0.00,0.00,0.00,0.00,0.00,0.00,0.00,0.00,0.00,0.00,0.00,0.00,0.00,0.00,0.00,0.01,0.01,0.01,
Tokelau,0.00,0.00,0.00,0.00,0.00,0.00,0.00,0.00,0.00,0.00,0.00,0.00,0.00,0.00,0.00,0.00,0.00,0.00,0.00,0.00,0.00,0.00,0.00,0.00,0.00,0.00,0.00,0.00,0.00,0.00,
Tonga,0.00,0.00,0.00,0.00,0.00,0.00,0.00,0.00,0.00,0.00,0.00,0.00,0.00,0.00,0.00,0.00,0.00,0.00,0.00,0.00,0.00,0.00,0.00,0.00,0.00,0.00,0.00,0.00,0.00,0.00,
Trinidad and Tobago,0.08,0.09,0.09,0.10,0.13,0.18,0.21,0.23,0.39,0.41,0.46,0.45,0.55,0.44,0.40,0.40,0.39,0.43,0.35,0.30,0.27,0.21,0.21,0.21,0.20,0.19,0.19,0.18,0.17,0.16,
Tunisia,0.01,0.01,0.00,0.00,0.00,0.01,0.01,0.00,0.01,0.02,0.01,0.02,0.02,0.03,0.01,0.01,0.01,0.02,0.02,0.02,0.02,0.01,0.02,0.02,0.02,0.02,0.03,0.04,0.03,0.03,
Turkey,0.13,0.11,0.13,0.13,0.13,0.20,0.20,0.25,0.27,0.39,0.41,0.41,0.30,0.31,0.19,0.22,0.24,0.32,0.34,0.41,0.47,0.46,0.49,0.56,0.66,0.74,1.15,1.57,1.02,1.05,
Turkmenistan,0.00,0.00,0.00,0.00,0.00,0.00,0.00,0.00,0.01,0.01,0.01,0.01,0.02,0.01,0.00,0.00,0.00,0.00,0.00,0.00,0.00,0.00,0.00,0.00,0.00,0.00,0.00,0.00,0.00,0.00,
Turks and Caicos Islands,0.00,0.00,0.00,0.00,0.00,0.00,0.00,0.00,0.00,0.00,0.00,0.00,0.00,0.00,0.00,0.00,0.00,0.00,0.00,0.00,0.00,0.00,0.00,0.00,0.00,0.00,0.00,0.00,0.00,0.00,
Tuvalu,0.00,0.00,0.00,0.00,0.00,0.00,0.00,0.00,0.00,0.00,0.00,0.00,0.00,0.00,0.00,0.00,0.00,0.00,0.00,0.00,0.00,0.00,0.00,0.00,0.00,0.00,0.00,0.00,0.00,0.00,
Uganda,0.00,0.00,0.00,0.00,0.00,0.00,0.00,0.00,0.00,0.00,0.00,0.00,0.00,0.00,0.00,0.00,0.00,0.00,0.00,0.00,0.00,0.00,0.00,0.00,0.00,0.00,0.00,0.01,0.01,0.01,
Ukraine,0.06,0.07,0.06,0.05,0.07,0.10,0.10,0.05,0.03,0.08,0.12,0.13,0.10,0.15,0.02,0.05,0.07,0.06,0.05,0.04,0.05,0.03,0.05,0.07,0.06,0.07,0.10,0.06,0.04,0.04,
United Arab Emirates,0.03,0.04,0.05,0.05,0.05,0.06,0.09,0.06,0.08,0.07,0.07,0.06,0.05,0.05,0.07,0.05,0.07,0.07,0.09,0.13,0.13,0.19,0.23,0.23,0.22,0.17,0.27,0.40,0.29,0.32,
United Kingdom,0.82,0.81,0.87,0.93,0.98,1.08,0.97,0.96,1.10,1.27,1.32,1.19,1.20,1.16,0.83,0.91,0.99,1.04,0.98,1.02,1.03,1.01,1.02,1.07,1.06,0.89,1.12,1.38,1.20,1.19,
Uruguay,0.01,0.01,0.01,0.01,0.01,0.01,0.01,0.01,0.02,0.04,0.05,0.03,0.03,0.02,0.02,0.01,0.01,0.01,0.02,0.02,0.02,0.02,0.02,0.02,0.02,0.03,0.03,0.06,0.04,0.05,
Uzbekistan,0.00,0.01,0.00,0.00,0.00,0.00,0.00,0.00,0.00,0.00,0.00,0.00,0.00,0.00,0.00,0.00,0.00,0.00,0.00,0.00,0.00,0.00,0.00,0.00,0.00,0.00,0.00,0.00,0.00,0.00,
Vanuatu,0.00,0.00,0.00,0.00,0.00,0.00,0.00,0.00,0.00,0.00,0.00,0.00,0.00,0.00,0.00,0.00,0.00,0.00,0.00,0.00,0.00,0.00,0.00,0.00,0.00,0.00,0.00,0.00,0.00,0.00,
Vatican City,0.00,0.00,0.00,0.00,0.00,0.00,0.00,0.00,0.00,0.00,0.00,0.00,0.00,0.00,0.00,0.00,0.00,0.00,0.00,0.00,0.00,0.00,0.00,0.00,0.00,0.00,0.00,0.00,0.00,0.00,
Venezuela,0.72,0.82,0.94,0.79,0.68,0.95,0.90,0.72,0.93,1.35,1.33,1.22,1.11,1.21,0.69,0.61,0.61,0.62,0.48,0.64,0.66,0.55,0.41,0.34,0.08,0.01,0.02,0.04,0.23,0.33,
Vietnam,0.01,0.02,0.02,0.04,0.05,0.06,0.09,0.19,0.35,0.45,0.58,0.70,0.79,0.95,0.75,1.02,0.97,1.10,1.25,1.42,1.67,1.66,1.94,2.10,2.70,3.56,6.29,8.35,4.50,5.91,
Wallis and Futuna,0.00,0.00,0.00,0.00,0.00,0.00,0.00,0.00,0.00,0.00,0.00,0.00,0.00,0.00,0.00,0.00,0.00,0.00,0.00,0.00,0.00,0.00,0.00,0.00,0.00,0.00,0.00,0.00,0.00,0.00,
West Bank,0.00,0.00,0.00,0.00,0.00,0.00,0.00,0.00,0.00,0.00,0.00,0.00,0.00,0.00,0.00,0.00,0.00,0.00,0.00,0.00,0.00,0.00,0.00,0.00,0.00,0.00,0.00,0.00,0.00,0.00,
Western Sahara,0.00,0.00,0.00,0.00,0.00,0.00,0.00,0.00,0.00,0.00,0.00,0.00,0.00,0.00,0.00,0.00,0.00,0.00,0.00,0.00,0.00,0.00,0.00,0.00,0.00,0.00,0.00,0.00,0.00,0.00,
Yemen,0.00,0.00,0.00,0.01,0.00,0.02,0.02,0.01,0.01,0.01,0.02,0.03,0.02,0.00,0.00,0.02,0.05,0.01,0.00,0.00,0.00,0.00,0.00,0.00,0.00,0.00,0.00,0.00,0.00,0.00,
Zambia,0.00,0.00,0.00,0.00,0.00,0.00,0.00,0.00,0.00,0.00,0.00,0.00,0.00,0.00,0.00,0.00,0.00,0.00,0.00,0.00,0.00,0.00,0.00,0.00,0.00,0.00,0.00,0.00,0.00,0.00,
Zimbabwe,0.01,0.01,0.01,0.01,0.01,0.01,0.01,0.01,0.00,0.00,0.00,0.00,0.00,0.00,0.00,0.00,0.00,0.00,0.00,0.00,0.00,0.00,0.00,0.00,0.00,0.00,0.00,0.00,0.00,0.00,
Total: ,27.41,26.41,28.40,30.69,34.80,41.21,38.17,38.78,45.89,55.74,61.53,64.12,63.61,65.80,45.60,55.90,57.91,60.13,60.47,64.89,67.01,62.24,66.43,71.37,69.69,70.74,103.96,129.22,87.91,91.75,
YoY Index,UND,0.96,1.08,1.08,1.13,1.18,0.93,1.02,1.18,1.21,1.10,1.04,0.99,1.03,0.69,1.23,1.04,1.04,1.01,1.07,1.03,0.93,1.07,1.07,0.98,1.02,1.47,1.24,0.68,1.04,1.05
YoY Growth Rate,UND,-3.65%,7.54%,8.06%,13.39%,18.42%,-7.38%,1.60%,18.33%,21.46%,10.39%,4.21%,-0.80%,3.44%,-30.70%,22.59%,3.60%,3.83%,0.57%,7.31%,3.27%,-7.12%,6.73%,7.44%,-2.35%,1.51%,46.96%,24.30%,-31.97%,4.37%,5.36%
ABS Change (Billions),UND,-1.00,1.99,2.29,4.11,6.41,-3.04,0.61,7.11,9.85,5.79,2.59,-0.51,2.19,-20.20,10.30,2.01,2.22,0.34,4.42,2.12,-4.77,4.19,4.94,-1.68,1.05,33.22,25.26,-41.31,3.84,2.22